{"cameraMode":{"drawMode":0,"name":"Shaded","section":"Shading Mode"},"sceneLighting":true,"audioPlay":false,"sceneViewState":{"showFog":true,"showMaterialUpdate":false,"showSkybox":true,"showFlares":true,"showImageEffects":true,"showParticleSystems":true},"in2DMode":false,"pivot":{"x":0.024892330169677736,"y":0.023246288299560548,"z":-0.04090452194213867},"rotation":{"x":-0.08598556369543076,"y":0.9010193943977356,"z":-0.20936180651187898,"w":-0.3700515627861023},"size":8.250724792480469,"orthographic":false}